{
    "LinearRegression": {
        "r2_score": 0.9091495658460899,
        "rmse": 0.22062811365193605
    },
    "RandomForest": {
        "r2_score": 0.9999999406686064,
        "rmse": 0.00017829518837233704
    },
    "XGBoost": {
        "r2_score": 0.9994082450866699,
        "rmse": 0.017806067846493513
    }
}